/*
SQLyog Ultimate v11.11 (64 bit)
MySQL - 5.5.35-0ubuntu0.12.04.2 : Database - dinner
*********************************************************************
*/

/*!40101 SET NAMES utf8 */;

/*!40101 SET SQL_MODE=''*/;

/*!40014 SET @OLD_UNIQUE_CHECKS=@@UNIQUE_CHECKS, UNIQUE_CHECKS=0 */;
/*!40014 SET @OLD_FOREIGN_KEY_CHECKS=@@FOREIGN_KEY_CHECKS, FOREIGN_KEY_CHECKS=0 */;
/*!40101 SET @OLD_SQL_MODE=@@SQL_MODE, SQL_MODE='NO_AUTO_VALUE_ON_ZERO' */;
/*!40111 SET @OLD_SQL_NOTES=@@SQL_NOTES, SQL_NOTES=0 */;
/*Table structure for table `admin` */

DROP TABLE IF EXISTS `admin`;

CREATE TABLE `admin` (
  `_id` int(11) NOT NULL AUTO_INCREMENT,
  `name` varchar(20) COLLATE utf8_unicode_ci NOT NULL COMMENT '管理员名称',
  `email` varchar(100) COLLATE utf8_unicode_ci NOT NULL COMMENT '管理员邮箱',
  `password` varchar(200) COLLATE utf8_unicode_ci NOT NULL COMMENT '管理员密码',
  `level` int(2) NOT NULL DEFAULT '5' COMMENT '管理员等级，大于3可修改店铺信息，大于5拥有所有权限',
  PRIMARY KEY (`_id`)
) ENGINE=InnoDB AUTO_INCREMENT=4 DEFAULT CHARSET=utf8 COLLATE=utf8_unicode_ci COMMENT='管理员表';

/*Data for the table `admin` */

insert  into `admin`(`_id`,`name`,`email`,`password`,`level`) values (1,'Ling','a@a.com','3d186804534370c3c817db0563f0e461',6),(2,'admin','admin@admin.com','4297f44b13955235245b2497399d7a93',10),(3,'a','a@a.a','4297f44b13955235245b2497399d7a93',10);

/*Table structure for table `category` */

DROP TABLE IF EXISTS `category`;

CREATE TABLE `category` (
  `_id` int(11) NOT NULL AUTO_INCREMENT COMMENT '分类ID',
  `name` varchar(20) COLLATE utf8_unicode_ci NOT NULL COMMENT '分类名称',
  PRIMARY KEY (`_id`)
) ENGINE=InnoDB AUTO_INCREMENT=5 DEFAULT CHARSET=utf8 COLLATE=utf8_unicode_ci COMMENT='菜品分类表';

/*Data for the table `category` */

insert  into `category`(`_id`,`name`) values (1,'广东菜'),(2,'湖南菜'),(3,'四川菜'),(4,'北京菜');

/*Table structure for table `dish` */

DROP TABLE IF EXISTS `dish`;

CREATE TABLE `dish` (
  `_id` int(11) NOT NULL AUTO_INCREMENT COMMENT '菜品ID',
  `name` varchar(50) COLLATE utf8_unicode_ci NOT NULL COMMENT '菜品名称',
  `category_id` int(11) DEFAULT NULL COMMENT '外键，分类ID',
  `detail` text COLLATE utf8_unicode_ci COMMENT '菜品描述',
  `image` varchar(200) COLLATE utf8_unicode_ci NOT NULL COMMENT '菜品图片地址',
  `price` int(3) NOT NULL COMMENT '单价',
  `status` int(1) NOT NULL DEFAULT '1' COMMENT '是否可购买，1可以，0不可以',
  `recommend` int(1) DEFAULT '0' COMMENT '是否首页推荐，1推荐，0不推荐',
  PRIMARY KEY (`_id`),
  KEY `fg_dish_category_id` (`category_id`),
  CONSTRAINT `fg_dish_category_id` FOREIGN KEY (`category_id`) REFERENCES `category` (`_id`) ON DELETE SET NULL ON UPDATE CASCADE
) ENGINE=InnoDB AUTO_INCREMENT=102 DEFAULT CHARSET=utf8 COLLATE=utf8_unicode_ci COMMENT='菜品表';

/*Data for the table `dish` */

insert  into `dish`(`_id`,`name`,`category_id`,`detail`,`image`,`price`,`status`,`recommend`) values (1,'DEFGH',1,'这个菜相当地美味，欢迎品尝哦','default.jpg',50,0,1),(2,'YZ012',1,'这个菜相当地美味，欢迎品尝哦','default.jpg',19,1,0),(3,'lmnop',4,'这个菜相当地美味，欢迎品尝哦','default.jpg',23,0,1),(4,'MNOPQ',1,'这个菜相当地美味，欢迎品尝哦','default.jpg',19,0,1),(5,'pqrst',2,'这个菜相当地美味，欢迎品尝哦','default.jpg',23,1,1),(6,'tuvwx',2,'这个菜相当地美味，欢迎品尝哦','default.jpg',27,1,0),(7,'stuvw',2,'这个菜相当地美味，欢迎品尝哦','default.jpg',9,0,1),(8,'vwxyz',3,'这个菜相当地美味，欢迎品尝哦','default.jpg',31,1,1),(9,'klmno',4,'这个菜相当地美味，欢迎品尝哦','default.jpg',33,1,0),(10,'pqrst',2,'这个菜相当地美味，欢迎品尝哦','default.jpg',47,1,0),(11,'PQRST',1,'这个菜相当地美味，欢迎品尝哦','default.jpg',34,1,0),(12,'QRSTU',4,'这个菜相当地美味，欢迎品尝哦','default.jpg',8,0,1),(13,'KLMNO',1,'这个菜相当地美味，欢迎品尝哦','default.jpg',20,1,1),(14,'23456',4,'这个菜相当地美味，欢迎品尝哦','default.jpg',45,1,1),(15,'bcdef',4,'这个菜相当地美味，欢迎品尝哦','default.jpg',32,0,1),(16,'12345',2,'这个菜相当地美味，欢迎品尝哦','20140501080534379.png',39,1,1),(17,'UVWXY',4,'这个菜相当地美味，欢迎品尝哦','default.jpg',18,0,1),(18,'klmno',3,'这个菜相当地美味，欢迎品尝哦','default.jpg',45,0,1),(19,'LMNOP',4,'这个菜相当地美味，欢迎品尝哦','default.jpg',19,1,0),(21,'LMNOP',1,'这个菜相当地美味，欢迎品尝哦','default.jpg',26,0,0),(22,'KLMNO',4,'这个菜相当地美味，欢迎品尝哦','default.jpg',37,0,0),(23,'FGHIJ',1,'这个菜相当地美味，欢迎品尝哦','default.jpg',36,1,0),(24,'DEFGH',4,'这个菜相当地美味，欢迎品尝哦','default.jpg',22,0,1),(25,'MNOPQ',1,'这个菜相当地美味，欢迎品尝哦','default.jpg',44,1,1),(26,'NOPQR',3,'这个菜相当地美味，欢迎品尝哦','default.jpg',9,0,0),(27,'ABCDE',3,'这个菜相当地美味，欢迎品尝哦','default.jpg',40,1,0),(28,'YZ012',4,'这个菜相当地美味，欢迎品尝哦','default.jpg',32,0,0),(29,'efghi',1,'这个菜相当地美味，欢迎品尝哦','default.jpg',23,0,0),(30,'stuvw',1,'这个菜相当地美味，欢迎品尝哦','default.jpg',50,0,0),(31,'Z0123',3,'这个菜相当地美味，欢迎品尝哦','default.jpg',12,1,1),(32,'opqrs',1,'这个菜相当地美味，欢迎品尝哦','default.jpg',17,1,1),(33,'mnopq',4,'这个菜相当地美味，欢迎品尝哦','default.jpg',27,1,1),(34,'RSTUV',3,'这个菜相当地美味，欢迎品尝哦','default.jpg',46,1,0),(35,'defgh',1,'这个菜相当地美味，欢迎品尝哦','default.jpg',16,0,0),(36,'rstuv',1,'这个菜相当地美味，欢迎品尝哦','default.jpg',11,0,1),(37,'YZ012',3,'这个菜相当地美味，欢迎品尝哦','default.jpg',28,0,0),(38,'zABCD',4,'这个菜相当地美味，欢迎品尝哦','default.jpg',24,0,1),(39,'YZ012',1,'这个菜相当地美味，欢迎品尝哦','default.jpg',34,0,0),(40,'STUVW',1,'这个菜相当地美味，欢迎品尝哦','default.jpg',15,0,0),(41,'EFGHI',3,'这个菜相当地美味，欢迎品尝哦','default.jpg',36,1,1),(42,'EFGHI',3,'这个菜相当地美味，欢迎品尝哦','default.jpg',36,0,0),(43,'STUVW',3,'这个菜相当地美味，欢迎品尝哦','default.jpg',45,0,1),(44,'xyzAB',4,'这个菜相当地美味，欢迎品尝哦','default.jpg',30,1,1),(45,'EFGHI',2,'这个菜相当地美味，欢迎品尝哦','default.jpg',42,1,0),(46,'pqrst',1,'这个菜相当地美味，欢迎品尝哦','default.jpg',45,1,1),(47,'QRSTU',1,'这个菜相当地美味，欢迎品尝哦','default.jpg',15,0,0),(48,'stuvw',3,'这个菜相当地美味，欢迎品尝哦','default.jpg',26,1,1),(49,'Z0123',4,'这个菜相当地美味，欢迎品尝哦','default.jpg',35,1,0),(50,'yzABC',1,'这个菜相当地美味，欢迎品尝哦','default.jpg',24,0,1),(51,'JKLMN',1,'这个菜相当地美味，欢迎品尝哦','default.jpg',30,1,1),(52,'ijklm',4,'这个菜相当地美味，欢迎品尝哦','default.jpg',23,1,1),(53,'MNOPQ',2,'这个菜相当地美味，欢迎品尝哦','default.jpg',33,0,0),(54,'zABCD',3,'这个菜相当地美味，欢迎品尝哦','default.jpg',15,0,1),(55,'vwxyz',3,'这个菜相当地美味，欢迎品尝哦','default.jpg',46,1,0),(56,'UVWXY',3,'这个菜相当地美味，欢迎品尝哦','default.jpg',42,1,1),(57,'yzABC',2,'这个菜相当地美味，欢迎品尝哦','default.jpg',19,0,0),(58,'bcdef',2,'这个菜相当地美味，欢迎品尝哦','default.jpg',27,1,0),(59,'zABCD',2,'这个菜相当地美味，欢迎品尝哦','default.jpg',27,1,0),(60,'12345',1,'这个菜相当地美味，欢迎品尝哦','default.jpg',32,1,1),(61,'bcdef',4,'这个菜相当地美味，欢迎品尝哦','default.jpg',32,1,1),(62,'ijklm',1,'这个菜相当地美味，欢迎品尝哦','default.jpg',28,0,0),(63,'PQRST',2,'这个菜相当地美味，欢迎品尝哦','default.jpg',20,0,1),(64,'DEFGH',1,'这个菜相当地美味，欢迎品尝哦','default.jpg',24,0,1),(65,'BCDEF',3,'这个菜相当地美味，欢迎品尝哦','default.jpg',20,1,1),(66,'lmnop',1,'这个菜相当地美味，欢迎品尝哦','default.jpg',43,0,0),(67,'NOPQR',4,'这个菜相当地美味，欢迎品尝哦','default.jpg',50,0,0),(68,'bcdef',1,'这个菜相当地美味，欢迎品尝哦','default.jpg',28,1,0),(70,'JKLMN',4,'这个菜相当地美味，欢迎品尝哦','default.jpg',24,1,0),(71,'defgh',2,'这个菜相当地美味，欢迎品尝哦','default.jpg',29,0,0),(72,'EFGHI',4,'这个菜相当地美味，欢迎品尝哦','default.jpg',33,0,0),(73,'YZ012',4,'这个菜相当地美味，欢迎品尝哦','default.jpg',31,1,0),(74,'Z0123',2,'这个菜相当地美味，欢迎品尝哦','default.jpg',30,0,0),(75,'PQRST',4,'这个菜相当地美味，欢迎品尝哦','default.jpg',34,0,0),(76,'MNOPQ',2,'这个菜相当地美味，欢迎品尝哦','default.jpg',50,1,1),(77,'efghi',2,'这个菜相当地美味，欢迎品尝哦','default.jpg',12,1,1),(78,'FGHIJ',4,'这个菜相当地美味，欢迎品尝哦','default.jpg',15,1,1),(79,'opqrs',2,'这个菜相当地美味，欢迎品尝哦','default.jpg',21,0,0),(80,'OPQRS',3,'这个菜相当地美味，欢迎品尝哦','default.jpg',50,0,1),(81,'xyzAB',4,'这个菜相当地美味，欢迎品尝哦','default.jpg',16,0,1),(82,'ijklm',4,'这个菜相当地美味，欢迎品尝哦','default.jpg',49,0,0),(83,'KLMNO',3,'这个菜相当地美味，欢迎品尝哦','default.jpg',17,0,1),(84,'hijkl',1,'这个菜相当地美味，欢迎品尝哦','default.jpg',22,1,1),(85,'UVWXY',1,'这个菜相当地美味，欢迎品尝哦','default.jpg',19,1,1),(86,'12345',2,'这个菜相当地美味，欢迎品尝哦...','default.jpg',90,1,0),(87,'Z0123',4,'这个菜相当地美味，欢迎品尝哦','default.jpg',17,1,1),(88,'BCDEF',2,'这个菜相当地美味，欢迎品尝哦','default.jpg',35,0,0),(89,'opqrs',4,'这个菜相当地美味，欢迎品尝哦','default.jpg',18,0,1),(90,'ijklm',4,'这个菜相当地美味，欢迎品尝哦','default.jpg',36,1,0),(91,'ABCDE',1,'这个菜相当地美味，欢迎品尝哦','default.jpg',17,1,0),(92,'WXYZ0',1,'这个菜相当地美味，欢迎品尝哦','default.jpg',31,0,1),(93,'rstuv',4,'这个菜相当地美味，欢迎品尝哦','default.jpg',40,0,0),(94,'cdefg',4,'这个菜相当地美味，欢迎品尝哦','default.jpg',25,1,0),(95,'klmno',1,'这个菜相当地美味，欢迎品尝哦','default.jpg',11,0,0),(96,'ghijk',2,'这个菜相当地美味，欢迎品尝哦','default.jpg',36,1,1),(97,'Z0123',2,'这个菜相当地美味，欢迎品尝哦','default.jpg',11,0,0),(98,'cdefg',2,'这个菜相当地美味，欢迎品尝哦','default.jpg',27,0,1),(99,'GHIJK',1,'这个菜相当地美味，欢迎品尝哦','default.jpg',30,1,1),(100,'IJKLM',3,'这个菜相当地美味，欢迎品尝哦','default.jpg',39,1,1),(101,'炒鸡蛋',1,'拿手炒鸡蛋','default.jpg',10,1,1);

/*Table structure for table `info` */

DROP TABLE IF EXISTS `info`;

CREATE TABLE `info` (
  `_id` int(11) NOT NULL AUTO_INCREMENT,
  `notice` text COLLATE utf8_unicode_ci COMMENT '公告',
  `time1` varchar(200) COLLATE utf8_unicode_ci DEFAULT NULL COMMENT '营业时间1',
  `time2` varchar(200) COLLATE utf8_unicode_ci DEFAULT NULL COMMENT '营业时间2',
  `address` varchar(200) COLLATE utf8_unicode_ci DEFAULT NULL COMMENT '地址',
  `phone` varchar(200) COLLATE utf8_unicode_ci DEFAULT NULL COMMENT '电话',
  PRIMARY KEY (`_id`)
) ENGINE=InnoDB AUTO_INCREMENT=3 DEFAULT CHARSET=utf8 COLLATE=utf8_unicode_ci;

/*Data for the table `info` */

insert  into `info`(`_id`,`notice`,`time1`,`time2`,`address`,`phone`) values (2,'欢迎订餐哦','09:30--13:00','15:20--18:40','湛江市赤坎区寸金路229号','13800138000');

/*Table structure for table `order` */

DROP TABLE IF EXISTS `order`;

CREATE TABLE `order` (
  `_id` int(11) NOT NULL AUTO_INCREMENT,
  `order_id` varchar(200) COLLATE utf8_unicode_ci NOT NULL COMMENT '订单号',
  `timestamp` varchar(30) COLLATE utf8_unicode_ci NOT NULL COMMENT '下订单时间戳',
  `content` text COLLATE utf8_unicode_ci NOT NULL COMMENT '订单内容，JSON格式',
  `price` int(10) NOT NULL COMMENT '总价',
  `status` int(2) NOT NULL DEFAULT '0' COMMENT '订单状态：0未处理订单，1配送中订单，2已完成订单，3无效订单',
  `user_id` int(11) NOT NULL COMMENT '用户ID',
  `user_name` varchar(20) COLLATE utf8_unicode_ci NOT NULL COMMENT '订单中收餐人名称',
  `user_address` varchar(200) COLLATE utf8_unicode_ci NOT NULL COMMENT '订单中收餐人地址',
  `user_phone` varchar(20) COLLATE utf8_unicode_ci NOT NULL COMMENT '订单中收餐人电话',
  PRIMARY KEY (`_id`),
  KEY `fg_order_user_id` (`user_id`),
  CONSTRAINT `fg_order_user_id` FOREIGN KEY (`user_id`) REFERENCES `user` (`_id`) ON DELETE NO ACTION ON UPDATE CASCADE
) ENGINE=InnoDB AUTO_INCREMENT=303 DEFAULT CHARSET=utf8 COLLATE=utf8_unicode_ci;

/*Data for the table `order` */

insert  into `order`(`_id`,`order_id`,`timestamp`,`content`,`price`,`status`,`user_id`,`user_name`,`user_address`,`user_phone`) values (202,'13710374985660','2014-04-29 19:44:58','[{\"id\":18,\"name\":\"浑蛋肉片饭\",\"price\":8,\"count\":2},{\"id\":7,\"name\":\"哈哈饭\",\"price\":9,\"count\":2},{\"id\":16,\"name\":\"嘿嘿饭\",\"price\":8,\"count\":2}]',77,0,98,'ling','zhncb','13800138000'),(203,'13665400475238','2014-04-28 18:27:27','[{\"id\":16,\"name\":\"浑蛋肉片饭\",\"price\":8,\"count\":3},{\"id\":10,\"name\":\"哈哈饭\",\"price\":16,\"count\":3},{\"id\":8,\"name\":\"嘿嘿饭\",\"price\":11,\"count\":4}]',27,2,77,'ling','zhncb','13800138000'),(204,'13659385168638','2014-04-24 19:21:56','[{\"id\":19,\"name\":\"浑蛋肉片饭\",\"price\":13,\"count\":2},{\"id\":8,\"name\":\"哈哈饭\",\"price\":16,\"count\":1},{\"id\":6,\"name\":\"嘿嘿饭\",\"price\":13,\"count\":2}]',51,2,76,'ling','zhncb','13800138000'),(205,'13656575727321','2014-04-28 13:19:32','[{\"id\":8,\"name\":\"浑蛋肉片饭\",\"price\":16,\"count\":4},{\"id\":20,\"name\":\"哈哈饭\",\"price\":15,\"count\":4},{\"id\":5,\"name\":\"嘿嘿饭\",\"price\":9,\"count\":1}]',47,1,52,'ling','zhncb','13800138000'),(207,'13670343155876','2014-04-25 11:45:15','[{\"id\":2,\"name\":\"浑蛋肉片饭\",\"price\":12,\"count\":3},{\"id\":20,\"name\":\"哈哈饭\",\"price\":12,\"count\":1},{\"id\":8,\"name\":\"嘿嘿饭\",\"price\":15,\"count\":1}]',83,3,21,'ling','zhncb','13800138000'),(208,'13633352663493','2014-04-27 16:14:26','[{\"id\":10,\"name\":\"浑蛋肉片饭\",\"price\":8,\"count\":3},{\"id\":15,\"name\":\"哈哈饭\",\"price\":12,\"count\":3},{\"id\":11,\"name\":\"嘿嘿饭\",\"price\":11,\"count\":2}]',46,2,22,'ling','zhncb','13800138000'),(209,'13659105583221','2013-04-14 11:35:58','[{\"id\":9,\"name\":\"浑蛋肉片饭\",\"price\":14,\"count\":2},{\"id\":11,\"name\":\"哈哈饭\",\"price\":10,\"count\":2},{\"id\":13,\"name\":\"嘿嘿饭\",\"price\":9,\"count\":1}]',65,1,80,'ling','zhncb','13800138000'),(210,'13768795584699','2013-08-19 10:32:38','[{\"id\":16,\"name\":\"浑蛋肉片饭\",\"price\":13,\"count\":2},{\"id\":18,\"name\":\"哈哈饭\",\"price\":13,\"count\":4},{\"id\":9,\"name\":\"嘿嘿饭\",\"price\":13,\"count\":2}]',22,2,86,'ling','zhncb','13800138000'),(211,'13659969481679','2013-04-15 11:35:48','[{\"id\":12,\"name\":\"浑蛋肉片饭\",\"price\":8,\"count\":1},{\"id\":13,\"name\":\"哈哈饭\",\"price\":12,\"count\":1},{\"id\":5,\"name\":\"嘿嘿饭\",\"price\":9,\"count\":3}]',51,2,96,'ling','zhncb','13800138000'),(212,'13639335151074','2013-03-22 14:25:15','[{\"id\":16,\"name\":\"浑蛋肉片饭\",\"price\":14,\"count\":1},{\"id\":3,\"name\":\"哈哈饭\",\"price\":9,\"count\":3},{\"id\":13,\"name\":\"嘿嘿饭\",\"price\":13,\"count\":1}]',41,1,67,'ling','zhncb','13800138000'),(213,'13617087237420','2013-02-24 20:25:23','[{\"id\":1,\"name\":\"浑蛋肉片饭\",\"price\":10,\"count\":1},{\"id\":3,\"name\":\"哈哈饭\",\"price\":8,\"count\":3},{\"id\":9,\"name\":\"嘿嘿饭\",\"price\":16,\"count\":2}]',68,1,61,'ling','zhncb','13800138000'),(214,'13715323094611','2013-06-18 13:11:49','[{\"id\":6,\"name\":\"浑蛋肉片饭\",\"price\":11,\"count\":1},{\"id\":11,\"name\":\"哈哈饭\",\"price\":16,\"count\":1},{\"id\":13,\"name\":\"嘿嘿饭\",\"price\":12,\"count\":3}]',29,0,90,'ling','zhncb','13800138000'),(215,'13768195079269','2013-08-18 17:51:47','[{\"id\":17,\"name\":\"浑蛋肉片饭\",\"price\":14,\"count\":4},{\"id\":10,\"name\":\"哈哈饭\",\"price\":12,\"count\":3},{\"id\":11,\"name\":\"嘿嘿饭\",\"price\":13,\"count\":3}]',86,1,93,'ling','zhncb','13800138000'),(216,'13685139822695','2013-05-14 14:46:22','[{\"id\":6,\"name\":\"浑蛋肉片饭\",\"price\":10,\"count\":2},{\"id\":6,\"name\":\"哈哈饭\",\"price\":10,\"count\":3},{\"id\":9,\"name\":\"嘿嘿饭\",\"price\":12,\"count\":3}]',90,2,87,'ling','zhncb','13800138000'),(217,'13774087011739','2013-08-25 13:31:41','[{\"id\":4,\"name\":\"浑蛋肉片饭\",\"price\":15,\"count\":3},{\"id\":11,\"name\":\"哈哈饭\",\"price\":9,\"count\":4},{\"id\":12,\"name\":\"嘿嘿饭\",\"price\":13,\"count\":4}]',100,0,82,'ling','zhncb','13800138000'),(218,'13796439833680','2013-09-20 10:26:23','[{\"id\":13,\"name\":\"浑蛋肉片饭\",\"price\":10,\"count\":2},{\"id\":4,\"name\":\"哈哈饭\",\"price\":8,\"count\":1},{\"id\":19,\"name\":\"嘿嘿饭\",\"price\":12,\"count\":3}]',85,1,23,'ling','zhncb','13800138000'),(219,'13741135137024','2013-07-18 10:11:53','[{\"id\":9,\"name\":\"浑蛋肉片饭\",\"price\":8,\"count\":2},{\"id\":2,\"name\":\"哈哈饭\",\"price\":11,\"count\":3},{\"id\":8,\"name\":\"嘿嘿饭\",\"price\":13,\"count\":4}]',58,1,16,'ling','zhncb','13800138000'),(220,'13662773889607','2013-04-18 17:29:48','[{\"id\":20,\"name\":\"浑蛋肉片饭\",\"price\":8,\"count\":2},{\"id\":12,\"name\":\"哈哈饭\",\"price\":10,\"count\":1},{\"id\":4,\"name\":\"嘿嘿饭\",\"price\":15,\"count\":2}]',65,1,80,'ling','zhncb','13800138000'),(221,'13761103932026','2013-08-10 12:53:13','[{\"id\":3,\"name\":\"浑蛋肉片饭\",\"price\":11,\"count\":1},{\"id\":1,\"name\":\"哈哈饭\",\"price\":16,\"count\":2},{\"id\":9,\"name\":\"嘿嘿饭\",\"price\":9,\"count\":2}]',52,0,38,'ling','zhncb','13800138000'),(222,'13714684096323','2013-06-17 19:26:49','[{\"id\":12,\"name\":\"浑蛋肉片饭\",\"price\":8,\"count\":4},{\"id\":5,\"name\":\"哈哈饭\",\"price\":12,\"count\":1},{\"id\":12,\"name\":\"嘿嘿饭\",\"price\":13,\"count\":2}]',79,1,70,'ling','zhncb','13800138000'),(223,'13712069558161','2013-06-14 18:49:15','[{\"id\":3,\"name\":\"浑蛋肉片饭\",\"price\":16,\"count\":1},{\"id\":1,\"name\":\"哈哈饭\",\"price\":16,\"count\":1},{\"id\":8,\"name\":\"嘿嘿饭\",\"price\":12,\"count\":2}]',21,1,52,'ling','zhncb','13800138000'),(224,'13683615937431','2013-05-12 20:26:33','[{\"id\":12,\"name\":\"浑蛋肉片饭\",\"price\":14,\"count\":1},{\"id\":19,\"name\":\"哈哈饭\",\"price\":15,\"count\":2},{\"id\":19,\"name\":\"嘿嘿饭\",\"price\":15,\"count\":2}]',25,1,39,'ling','zhncb','13800138000'),(225,'13772471757705','2013-08-23 16:39:35','[{\"id\":5,\"name\":\"浑蛋肉片饭\",\"price\":9,\"count\":3},{\"id\":13,\"name\":\"哈哈饭\",\"price\":15,\"count\":3},{\"id\":12,\"name\":\"嘿嘿饭\",\"price\":8,\"count\":1}]',85,2,96,'ling','zhncb','13800138000'),(226,'13660826226110','2013-04-16 11:23:42','[{\"id\":12,\"name\":\"浑蛋肉片饭\",\"price\":13,\"count\":3},{\"id\":20,\"name\":\"哈哈饭\",\"price\":14,\"count\":3},{\"id\":20,\"name\":\"嘿嘿饭\",\"price\":14,\"count\":3}]',27,1,84,'ling','zhncb','13800138000'),(227,'13714536101401','2013-06-17 15:20:10','[{\"id\":2,\"name\":\"浑蛋肉片饭\",\"price\":9,\"count\":1},{\"id\":9,\"name\":\"哈哈饭\",\"price\":14,\"count\":3},{\"id\":11,\"name\":\"嘿嘿饭\",\"price\":13,\"count\":3}]',83,1,94,'ling','zhncb','13800138000'),(228,'13749872009199','2013-07-28 12:53:20','[{\"id\":20,\"name\":\"浑蛋肉片饭\",\"price\":13,\"count\":2},{\"id\":8,\"name\":\"哈哈饭\",\"price\":15,\"count\":3},{\"id\":18,\"name\":\"嘿嘿饭\",\"price\":11,\"count\":2}]',50,1,44,'ling','zhncb','13800138000'),(229,'13631754298807','2013-03-13 19:50:29','[{\"id\":10,\"name\":\"浑蛋肉片饭\",\"price\":16,\"count\":2},{\"id\":11,\"name\":\"哈哈饭\",\"price\":12,\"count\":4},{\"id\":4,\"name\":\"嘿嘿饭\",\"price\":12,\"count\":3}]',51,1,63,'ling','zhncb','13800138000'),(230,'13660153388153','2013-04-15 16:42:18','[{\"id\":16,\"name\":\"浑蛋肉片饭\",\"price\":12,\"count\":2},{\"id\":7,\"name\":\"哈哈饭\",\"price\":13,\"count\":3},{\"id\":8,\"name\":\"嘿嘿饭\",\"price\":16,\"count\":1}]',96,2,98,'ling','zhncb','13800138000'),(231,'13656505755686','2013-04-11 11:22:55','[{\"id\":2,\"name\":\"浑蛋肉片饭\",\"price\":12,\"count\":4},{\"id\":13,\"name\":\"哈哈饭\",\"price\":12,\"count\":2},{\"id\":20,\"name\":\"嘿嘿饭\",\"price\":15,\"count\":1}]',47,1,9,'ling','zhncb','13800138000'),(232,'13593552405941','2013-01-28 14:40:40','[{\"id\":11,\"name\":\"浑蛋肉片饭\",\"price\":14,\"count\":3},{\"id\":18,\"name\":\"哈哈饭\",\"price\":9,\"count\":3},{\"id\":5,\"name\":\"嘿嘿饭\",\"price\":14,\"count\":1}]',82,2,33,'ling','zhncb','13800138000'),(233,'13743033514003','2013-07-20 14:55:51','[{\"id\":4,\"name\":\"浑蛋肉片饭\",\"price\":15,\"count\":3},{\"id\":17,\"name\":\"哈哈饭\",\"price\":13,\"count\":1},{\"id\":5,\"name\":\"嘿嘿饭\",\"price\":16,\"count\":3}]',88,2,76,'ling','zhncb','13800138000'),(234,'13800147893881','2013-09-24 17:26:29','[{\"id\":16,\"name\":\"浑蛋肉片饭\",\"price\":10,\"count\":3},{\"id\":20,\"name\":\"哈哈饭\",\"price\":11,\"count\":1},{\"id\":18,\"name\":\"嘿嘿饭\",\"price\":8,\"count\":3}]',62,0,92,'ling','zhncb','13800138000'),(235,'13800940053823','2013-09-25 15:26:45','[{\"id\":6,\"name\":\"浑蛋肉片饭\",\"price\":8,\"count\":2},{\"id\":11,\"name\":\"哈哈饭\",\"price\":12,\"count\":1},{\"id\":3,\"name\":\"嘿嘿饭\",\"price\":11,\"count\":2}]',98,0,29,'ling','zhncb','13800138000'),(236,'13738555605158','2013-07-15 10:32:40','[{\"id\":15,\"name\":\"浑蛋肉片饭\",\"price\":13,\"count\":1},{\"id\":18,\"name\":\"哈哈饭\",\"price\":14,\"count\":4},{\"id\":11,\"name\":\"嘿嘿饭\",\"price\":13,\"count\":3}]',100,0,50,'ling','zhncb','13800138000'),(237,'13787909681049','2013-09-10 13:29:28','[{\"id\":13,\"name\":\"浑蛋肉片饭\",\"price\":15,\"count\":2},{\"id\":7,\"name\":\"哈哈饭\",\"price\":13,\"count\":4},{\"id\":20,\"name\":\"嘿嘿饭\",\"price\":12,\"count\":1}]',57,2,90,'ling','zhncb','13800138000'),(238,'13768844987876','2013-08-19 11:54:58','[{\"id\":3,\"name\":\"浑蛋肉片饭\",\"price\":11,\"count\":1},{\"id\":15,\"name\":\"哈哈饭\",\"price\":14,\"count\":1},{\"id\":4,\"name\":\"嘿嘿饭\",\"price\":9,\"count\":3}]',19,2,92,'ling','zhncb','13800138000'),(239,'13722513243710','2013-06-26 20:55:24','[{\"id\":6,\"name\":\"浑蛋肉片饭\",\"price\":10,\"count\":1},{\"id\":13,\"name\":\"哈哈饭\",\"price\":8,\"count\":3},{\"id\":13,\"name\":\"嘿嘿饭\",\"price\":16,\"count\":2}]',68,1,93,'ling','zhncb','13800138000'),(240,'13686003194691','2013-05-15 14:45:19','[{\"id\":11,\"name\":\"浑蛋肉片饭\",\"price\":11,\"count\":1},{\"id\":1,\"name\":\"哈哈饭\",\"price\":8,\"count\":4},{\"id\":10,\"name\":\"嘿嘿饭\",\"price\":11,\"count\":2}]',57,3,10,'ling','zhncb','13800138000'),(241,'13669793293421','2013-04-26 20:28:49','[{\"id\":5,\"name\":\"浑蛋肉片饭\",\"price\":11,\"count\":4},{\"id\":9,\"name\":\"哈哈饭\",\"price\":12,\"count\":2},{\"id\":13,\"name\":\"嘿嘿饭\",\"price\":10,\"count\":1}]',23,1,70,'ling','zhncb','13800138000'),(242,'13593766022719','2013-01-28 20:36:42','[{\"id\":17,\"name\":\"浑蛋肉片饭\",\"price\":11,\"count\":1},{\"id\":11,\"name\":\"哈哈饭\",\"price\":14,\"count\":3},{\"id\":13,\"name\":\"嘿嘿饭\",\"price\":10,\"count\":3}]',28,2,17,'ling','zhncb','13800138000'),(243,'13641782588549','2013-03-25 10:24:18','[{\"id\":7,\"name\":\"浑蛋肉片饭\",\"price\":16,\"count\":2},{\"id\":16,\"name\":\"哈哈饭\",\"price\":12,\"count\":4},{\"id\":17,\"name\":\"嘿嘿饭\",\"price\":12,\"count\":4}]',13,1,72,'ling','zhncb','13800138000'),(244,'13735360604001','2013-07-11 17:47:40','[{\"id\":13,\"name\":\"浑蛋肉片饭\",\"price\":16,\"count\":2},{\"id\":1,\"name\":\"哈哈饭\",\"price\":9,\"count\":4},{\"id\":19,\"name\":\"嘿嘿饭\",\"price\":13,\"count\":2}]',61,2,68,'ling','zhncb','13800138000'),(245,'13736153706841','2013-07-12 15:49:30','[{\"id\":6,\"name\":\"浑蛋肉片饭\",\"price\":10,\"count\":3},{\"id\":6,\"name\":\"哈哈饭\",\"price\":8,\"count\":4},{\"id\":10,\"name\":\"嘿嘿饭\",\"price\":12,\"count\":3}]',52,2,35,'ling','zhncb','13800138000'),(246,'13613432051302','2013-02-20 14:53:25','[{\"id\":20,\"name\":\"浑蛋肉片饭\",\"price\":9,\"count\":4},{\"id\":11,\"name\":\"哈哈饭\",\"price\":12,\"count\":4},{\"id\":1,\"name\":\"嘿嘿饭\",\"price\":10,\"count\":2}]',97,2,100,'ling','zhncb','13800138000'),(247,'13710933595549','2013-06-13 11:15:59','[{\"id\":19,\"name\":\"浑蛋肉片饭\",\"price\":9,\"count\":4},{\"id\":19,\"name\":\"哈哈饭\",\"price\":14,\"count\":4},{\"id\":7,\"name\":\"嘿嘿饭\",\"price\":14,\"count\":1}]',65,1,7,'ling','zhncb','13800138000'),(248,'13794965659527','2013-09-18 17:29:25','[{\"id\":3,\"name\":\"浑蛋肉片饭\",\"price\":14,\"count\":3},{\"id\":9,\"name\":\"哈哈饭\",\"price\":16,\"count\":4},{\"id\":1,\"name\":\"嘿嘿饭\",\"price\":10,\"count\":4}]',25,0,56,'ling','zhncb','13800138000'),(249,'13617014337762','2013-02-24 18:23:53','[{\"id\":20,\"name\":\"浑蛋肉片饭\",\"price\":14,\"count\":3},{\"id\":13,\"name\":\"哈哈饭\",\"price\":14,\"count\":3},{\"id\":13,\"name\":\"嘿嘿饭\",\"price\":10,\"count\":1}]',54,1,38,'ling','zhncb','13800138000'),(250,'13715508522042','2013-06-18 18:20:52','[{\"id\":11,\"name\":\"浑蛋肉片饭\",\"price\":10,\"count\":3},{\"id\":19,\"name\":\"哈哈饭\",\"price\":9,\"count\":3},{\"id\":17,\"name\":\"嘿嘿饭\",\"price\":9,\"count\":2}]',49,1,90,'ling','zhncb','13800138000'),(251,'13797568725772','2013-09-21 17:47:52','[{\"id\":15,\"name\":\"浑蛋肉片饭\",\"price\":12,\"count\":1},{\"id\":18,\"name\":\"哈哈饭\",\"price\":13,\"count\":4},{\"id\":12,\"name\":\"嘿嘿饭\",\"price\":8,\"count\":4}]',10,1,56,'ling','zhncb','13800138000'),(252,'13670291568778','2013-04-27 10:19:16','[{\"id\":11,\"name\":\"浑蛋肉片饭\",\"price\":8,\"count\":1},{\"id\":11,\"name\":\"哈哈饭\",\"price\":8,\"count\":4},{\"id\":2,\"name\":\"嘿嘿饭\",\"price\":13,\"count\":3}]',73,3,82,'ling','zhncb','13800138000'),(253,'13708453693400','2013-06-10 14:22:49','[{\"id\":17,\"name\":\"浑蛋肉片饭\",\"price\":10,\"count\":4},{\"id\":1,\"name\":\"哈哈饭\",\"price\":15,\"count\":1},{\"id\":12,\"name\":\"嘿嘿饭\",\"price\":14,\"count\":2}]',11,3,13,'ling','zhncb','13800138000'),(254,'13716959862689','2013-06-20 10:39:46','[{\"id\":5,\"name\":\"浑蛋肉片饭\",\"price\":13,\"count\":2},{\"id\":13,\"name\":\"哈哈饭\",\"price\":10,\"count\":4},{\"id\":17,\"name\":\"嘿嘿饭\",\"price\":9,\"count\":3}]',98,2,14,'ling','zhncb','13800138000'),(255,'13765367769770','2013-08-15 11:19:36','[{\"id\":15,\"name\":\"浑蛋肉片饭\",\"price\":14,\"count\":3},{\"id\":13,\"name\":\"哈哈饭\",\"price\":10,\"count\":3},{\"id\":17,\"name\":\"嘿嘿饭\",\"price\":15,\"count\":3}]',22,0,60,'ling','zhncb','13800138000'),(256,'13642683928970','2013-03-26 11:26:32','[{\"id\":15,\"name\":\"浑蛋肉片饭\",\"price\":16,\"count\":2},{\"id\":7,\"name\":\"哈哈饭\",\"price\":14,\"count\":3},{\"id\":4,\"name\":\"嘿嘿饭\",\"price\":14,\"count\":2}]',16,1,59,'ling','zhncb','13800138000'),(257,'13609277734562','2013-02-15 19:29:33','[{\"id\":6,\"name\":\"浑蛋肉片饭\",\"price\":10,\"count\":1},{\"id\":12,\"name\":\"哈哈饭\",\"price\":13,\"count\":3},{\"id\":1,\"name\":\"嘿嘿饭\",\"price\":9,\"count\":4}]',17,2,26,'ling','zhncb','13800138000'),(258,'13744650706148','2013-07-22 11:51:10','[{\"id\":19,\"name\":\"浑蛋肉片饭\",\"price\":8,\"count\":1},{\"id\":9,\"name\":\"哈哈饭\",\"price\":14,\"count\":4},{\"id\":20,\"name\":\"嘿嘿饭\",\"price\":11,\"count\":1}]',60,1,47,'ling','zhncb','13800138000'),(259,'13617006182783','2013-02-24 18:10:18','[{\"id\":12,\"name\":\"浑蛋肉片饭\",\"price\":9,\"count\":4},{\"id\":5,\"name\":\"哈哈饭\",\"price\":16,\"count\":4},{\"id\":10,\"name\":\"嘿嘿饭\",\"price\":9,\"count\":3}]',19,1,83,'ling','zhncb','13800138000'),(260,'13671344285633','2013-04-28 15:33:48','[{\"id\":1,\"name\":\"浑蛋肉片饭\",\"price\":11,\"count\":2},{\"id\":7,\"name\":\"哈哈饭\",\"price\":14,\"count\":3},{\"id\":8,\"name\":\"嘿嘿饭\",\"price\":10,\"count\":1}]',58,2,10,'ling','zhncb','13800138000'),(261,'13801960131574','2013-09-26 19:46:53','[{\"id\":20,\"name\":\"浑蛋肉片饭\",\"price\":10,\"count\":2},{\"id\":18,\"name\":\"哈哈饭\",\"price\":9,\"count\":2},{\"id\":20,\"name\":\"嘿嘿饭\",\"price\":13,\"count\":1}]',52,1,7,'ling','zhncb','13800138000'),(262,'13642661668262','2013-03-26 10:49:26','[{\"id\":16,\"name\":\"浑蛋肉片饭\",\"price\":13,\"count\":3},{\"id\":19,\"name\":\"哈哈饭\",\"price\":10,\"count\":4},{\"id\":18,\"name\":\"嘿嘿饭\",\"price\":12,\"count\":3}]',89,1,14,'ling','zhncb','13800138000'),(263,'13795087398729','2013-09-18 20:52:19','[{\"id\":14,\"name\":\"浑蛋肉片饭\",\"price\":16,\"count\":4},{\"id\":5,\"name\":\"哈哈饭\",\"price\":16,\"count\":2},{\"id\":11,\"name\":\"嘿嘿饭\",\"price\":10,\"count\":4}]',40,1,2,'ling','zhncb','13800138000'),(264,'13670623053010','2013-04-27 19:31:45','[{\"id\":3,\"name\":\"浑蛋肉片饭\",\"price\":13,\"count\":1},{\"id\":7,\"name\":\"哈哈饭\",\"price\":13,\"count\":2},{\"id\":15,\"name\":\"嘿嘿饭\",\"price\":12,\"count\":3}]',99,3,100,'ling','zhncb','13800138000'),(265,'13608225736728','2013-02-14 14:16:13','[{\"id\":3,\"name\":\"浑蛋肉片饭\",\"price\":12,\"count\":2},{\"id\":7,\"name\":\"哈哈饭\",\"price\":10,\"count\":4},{\"id\":18,\"name\":\"嘿嘿饭\",\"price\":9,\"count\":1}]',69,2,57,'ling','zhncb','13800138000'),(266,'13738739252864','2013-07-15 15:38:45','[{\"id\":13,\"name\":\"浑蛋肉片饭\",\"price\":8,\"count\":3},{\"id\":7,\"name\":\"哈哈饭\",\"price\":14,\"count\":3},{\"id\":4,\"name\":\"嘿嘿饭\",\"price\":16,\"count\":3}]',95,1,85,'ling','zhncb','13800138000'),(267,'13797305872206','2013-09-21 10:29:47','[{\"id\":9,\"name\":\"浑蛋肉片饭\",\"price\":12,\"count\":4},{\"id\":8,\"name\":\"哈哈饭\",\"price\":13,\"count\":2},{\"id\":12,\"name\":\"嘿嘿饭\",\"price\":16,\"count\":1}]',74,1,51,'ling','zhncb','13800138000'),(268,'13631716675469','2013-03-13 18:47:47','[{\"id\":1,\"name\":\"浑蛋肉片饭\",\"price\":14,\"count\":3},{\"id\":15,\"name\":\"哈哈饭\",\"price\":15,\"count\":4},{\"id\":2,\"name\":\"嘿嘿饭\",\"price\":9,\"count\":1}]',83,2,46,'ling','zhncb','13800138000'),(269,'13721283788501','2013-06-25 10:46:18','[{\"id\":2,\"name\":\"浑蛋肉片饭\",\"price\":8,\"count\":2},{\"id\":6,\"name\":\"哈哈饭\",\"price\":14,\"count\":2},{\"id\":20,\"name\":\"嘿嘿饭\",\"price\":16,\"count\":1}]',67,2,93,'ling','zhncb','13800138000'),(270,'13619374058650','2013-02-27 11:56:45','[{\"id\":12,\"name\":\"浑蛋肉片饭\",\"price\":9,\"count\":1},{\"id\":3,\"name\":\"哈哈饭\",\"price\":13,\"count\":3},{\"id\":19,\"name\":\"嘿嘿饭\",\"price\":8,\"count\":1}]',86,2,16,'ling','zhncb','13800138000'),(271,'13634368922147','2013-03-16 20:28:12','[{\"id\":7,\"name\":\"浑蛋肉片饭\",\"price\":13,\"count\":1},{\"id\":8,\"name\":\"哈哈饭\",\"price\":13,\"count\":4},{\"id\":18,\"name\":\"嘿嘿饭\",\"price\":10,\"count\":3}]',28,1,96,'ling','zhncb','13800138000'),(272,'13615321596368','2013-02-22 19:22:39','[{\"id\":17,\"name\":\"浑蛋肉片饭\",\"price\":11,\"count\":4},{\"id\":2,\"name\":\"哈哈饭\",\"price\":11,\"count\":4},{\"id\":10,\"name\":\"嘿嘿饭\",\"price\":14,\"count\":2}]',79,2,82,'ling','zhncb','13800138000'),(273,'13787852692915','2013-09-10 11:54:29','[{\"id\":18,\"name\":\"浑蛋肉片饭\",\"price\":14,\"count\":2},{\"id\":20,\"name\":\"哈哈饭\",\"price\":10,\"count\":3},{\"id\":1,\"name\":\"嘿嘿饭\",\"price\":11,\"count\":2}]',65,1,55,'ling','zhncb','13800138000'),(274,'13719620378231','2013-06-23 12:33:57','[{\"id\":12,\"name\":\"浑蛋肉片饭\",\"price\":10,\"count\":2},{\"id\":15,\"name\":\"哈哈饭\",\"price\":13,\"count\":4},{\"id\":18,\"name\":\"嘿嘿饭\",\"price\":8,\"count\":2}]',51,1,42,'ling','zhncb','13800138000'),(275,'13631562748413','2013-03-13 14:31:14','[{\"id\":14,\"name\":\"浑蛋肉片饭\",\"price\":15,\"count\":4},{\"id\":7,\"name\":\"哈哈饭\",\"price\":14,\"count\":1},{\"id\":3,\"name\":\"嘿嘿饭\",\"price\":15,\"count\":3}]',82,1,37,'ling','zhncb','13800138000'),(276,'13665118331321','2013-04-21 10:37:13','[{\"id\":19,\"name\":\"浑蛋肉片饭\",\"price\":10,\"count\":2},{\"id\":9,\"name\":\"哈哈饭\",\"price\":8,\"count\":1},{\"id\":19,\"name\":\"嘿嘿饭\",\"price\":8,\"count\":2}]',89,2,87,'ling','zhncb','13800138000'),(277,'13631428002467','2013-03-13 10:46:40','[{\"id\":12,\"name\":\"浑蛋肉片饭\",\"price\":8,\"count\":3},{\"id\":18,\"name\":\"哈哈饭\",\"price\":14,\"count\":4},{\"id\":4,\"name\":\"嘿嘿饭\",\"price\":11,\"count\":3}]',79,2,73,'ling','zhncb','13800138000'),(278,'13607329054665','2013-02-13 13:21:45','[{\"id\":1,\"name\":\"浑蛋肉片饭\",\"price\":10,\"count\":3},{\"id\":10,\"name\":\"哈哈饭\",\"price\":8,\"count\":3},{\"id\":6,\"name\":\"嘿嘿饭\",\"price\":11,\"count\":1}]',94,2,92,'ling','zhncb','13800138000'),(279,'13767115967513','2013-08-17 11:53:16','[{\"id\":10,\"name\":\"浑蛋肉片饭\",\"price\":12,\"count\":1},{\"id\":2,\"name\":\"哈哈饭\",\"price\":11,\"count\":2},{\"id\":9,\"name\":\"嘿嘿饭\",\"price\":15,\"count\":2}]',99,1,84,'ling','zhncb','13800138000'),(280,'13743223687452','2013-07-20 20:12:48','[{\"id\":10,\"name\":\"浑蛋肉片饭\",\"price\":14,\"count\":2},{\"id\":16,\"name\":\"哈哈饭\",\"price\":11,\"count\":3},{\"id\":10,\"name\":\"嘿嘿饭\",\"price\":9,\"count\":2}]',99,0,17,'ling','zhncb','13800138000'),(281,'13788870577499','2013-09-11 16:10:57','[{\"id\":9,\"name\":\"浑蛋肉片饭\",\"price\":11,\"count\":3},{\"id\":2,\"name\":\"哈哈饭\",\"price\":11,\"count\":1},{\"id\":15,\"name\":\"嘿嘿饭\",\"price\":15,\"count\":1}]',75,0,48,'ling','zhncb','13800138000'),(282,'13723870308316','2013-06-28 10:37:10','[{\"id\":5,\"name\":\"浑蛋肉片饭\",\"price\":9,\"count\":2},{\"id\":10,\"name\":\"哈哈饭\",\"price\":13,\"count\":4},{\"id\":11,\"name\":\"嘿嘿饭\",\"price\":14,\"count\":1}]',20,1,52,'ling','zhncb','13800138000'),(283,'13634240076082','2013-03-16 16:53:27','[{\"id\":17,\"name\":\"浑蛋肉片饭\",\"price\":8,\"count\":1},{\"id\":5,\"name\":\"哈哈饭\",\"price\":13,\"count\":4},{\"id\":14,\"name\":\"嘿嘿饭\",\"price\":10,\"count\":1}]',16,1,10,'ling','zhncb','13800138000'),(284,'13682399801752','2013-05-11 10:39:40','[{\"id\":6,\"name\":\"浑蛋肉片饭\",\"price\":15,\"count\":2},{\"id\":11,\"name\":\"哈哈饭\",\"price\":10,\"count\":4},{\"id\":5,\"name\":\"嘿嘿饭\",\"price\":10,\"count\":1}]',51,3,44,'ling','zhncb','13800138000'),(285,'13793279622136','2013-09-16 18:39:22','[{\"id\":5,\"name\":\"浑蛋肉片饭\",\"price\":8,\"count\":1},{\"id\":6,\"name\":\"哈哈饭\",\"price\":10,\"count\":1},{\"id\":13,\"name\":\"嘿嘿饭\",\"price\":14,\"count\":4}]',59,2,49,'ling','zhncb','13800138000'),(286,'13715451112505','2013-06-18 16:45:11','[{\"id\":10,\"name\":\"浑蛋肉片饭\",\"price\":10,\"count\":2},{\"id\":14,\"name\":\"哈哈饭\",\"price\":8,\"count\":3},{\"id\":16,\"name\":\"嘿嘿饭\",\"price\":10,\"count\":1}]',41,0,8,'ling','zhncb','13800138000'),(287,'13762895247240','2013-08-12 14:38:44','[{\"id\":12,\"name\":\"浑蛋肉片饭\",\"price\":16,\"count\":2},{\"id\":15,\"name\":\"哈哈饭\",\"price\":10,\"count\":1},{\"id\":3,\"name\":\"嘿嘿饭\",\"price\":14,\"count\":2}]',89,0,28,'ling','zhncb','13800138000'),(288,'13667145318040','2013-04-23 18:55:31','[{\"id\":18,\"name\":\"浑蛋肉片饭\",\"price\":8,\"count\":3},{\"id\":1,\"name\":\"哈哈饭\",\"price\":10,\"count\":3},{\"id\":2,\"name\":\"嘿嘿饭\",\"price\":12,\"count\":4}]',23,2,2,'ling','zhncb','13800138000'),(289,'13640102638547','2013-03-23 11:44:23','[{\"id\":5,\"name\":\"浑蛋肉片饭\",\"price\":9,\"count\":3},{\"id\":20,\"name\":\"哈哈饭\",\"price\":13,\"count\":4},{\"id\":9,\"name\":\"嘿嘿饭\",\"price\":10,\"count\":4}]',36,2,31,'ling','zhncb','13800138000'),(290,'13709175595305','2013-06-11 10:25:59','[{\"id\":19,\"name\":\"浑蛋肉片饭\",\"price\":8,\"count\":1},{\"id\":1,\"name\":\"哈哈饭\",\"price\":13,\"count\":1},{\"id\":9,\"name\":\"嘿嘿饭\",\"price\":11,\"count\":2}]',28,1,19,'ling','zhncb','13800138000'),(291,'13637789022396','2013-03-20 19:28:22','[{\"id\":13,\"name\":\"浑蛋肉片饭\",\"price\":12,\"count\":1},{\"id\":2,\"name\":\"哈哈饭\",\"price\":11,\"count\":1},{\"id\":16,\"name\":\"嘿嘿饭\",\"price\":11,\"count\":2}]',21,2,69,'ling','zhncb','13800138000'),(292,'13661948867886','2013-04-17 18:34:46','[{\"id\":10,\"name\":\"浑蛋肉片饭\",\"price\":12,\"count\":4},{\"id\":9,\"name\":\"哈哈饭\",\"price\":14,\"count\":1},{\"id\":3,\"name\":\"嘿嘿饭\",\"price\":13,\"count\":3}]',96,1,37,'ling','zhncb','13800138000'),(293,'13613623172879','2013-02-20 20:11:57','[{\"id\":1,\"name\":\"浑蛋肉片饭\",\"price\":8,\"count\":4},{\"id\":19,\"name\":\"哈哈饭\",\"price\":16,\"count\":4},{\"id\":4,\"name\":\"嘿嘿饭\",\"price\":8,\"count\":3}]',34,2,22,'ling','zhncb','13800138000'),(294,'13797531754153','2013-09-21 16:46:15','[{\"id\":7,\"name\":\"浑蛋肉片饭\",\"price\":11,\"count\":4},{\"id\":15,\"name\":\"哈哈饭\",\"price\":8,\"count\":2},{\"id\":18,\"name\":\"嘿嘿饭\",\"price\":9,\"count\":4}]',42,2,64,'ling','zhncb','13800138000'),(295,'13747274932440','2013-07-25 12:44:53','[{\"id\":2,\"name\":\"浑蛋肉片饭\",\"price\":16,\"count\":1},{\"id\":10,\"name\":\"哈哈饭\",\"price\":11,\"count\":3},{\"id\":9,\"name\":\"嘿嘿饭\",\"price\":15,\"count\":2}]',21,1,56,'ling','zhncb','13800138000'),(296,'13664339653748','2013-04-20 12:59:25','[{\"id\":11,\"name\":\"浑蛋肉片饭\",\"price\":16,\"count\":4},{\"id\":5,\"name\":\"哈哈饭\",\"price\":16,\"count\":1},{\"id\":4,\"name\":\"嘿嘿饭\",\"price\":16,\"count\":1}]',83,1,84,'ling','zhncb','13800138000'),(297,'13685246355859','2013-05-14 17:43:55','[{\"id\":3,\"name\":\"浑蛋肉片饭\",\"price\":8,\"count\":1},{\"id\":14,\"name\":\"哈哈饭\",\"price\":11,\"count\":3},{\"id\":13,\"name\":\"嘿嘿饭\",\"price\":8,\"count\":3}]',57,2,57,'ling','zhncb','13800138000'),(299,'13789572491351','2013-09-12 11:40:49','[{\"id\":13,\"name\":\"浑蛋肉片饭\",\"price\":16,\"count\":4},{\"id\":19,\"name\":\"哈哈饭\",\"price\":12,\"count\":4},{\"id\":19,\"name\":\"嘿嘿饭\",\"price\":13,\"count\":4}]',72,0,8,'ling','zhncb','13800138000'),(300,'13634909822294','2013-03-17 11:29:42','[{\"id\":20,\"name\":\"浑蛋肉片饭\",\"price\":15,\"count\":3},{\"id\":1,\"name\":\"哈哈饭\",\"price\":16,\"count\":3},{\"id\":3,\"name\":\"嘿嘿饭\",\"price\":13,\"count\":1}]',54,1,4,'ling','zhncb','13800138000'),(301,'13992094728260','2014-05-04 21:17:52','[{',88,0,102,'ling','湛江师范学院','123123'),(302,'13992778247559','2014-05-05 16:17:04','[{\"id\":\"13\",\"name\":\"KLMNO\",\"price\":\"20\",\"count\":\"2\"},{\"id\":\"23\",\"name\":\"FGHIJ\",\"price\":\"36\",\"count\":\"1\"}]',76,3,102,'小玲','湛江师范学院','123123');

/*Table structure for table `user` */

DROP TABLE IF EXISTS `user`;

CREATE TABLE `user` (
  `_id` int(11) NOT NULL AUTO_INCREMENT COMMENT '用户ID',
  `name` varchar(50) COLLATE utf8_unicode_ci NOT NULL COMMENT '用户名称',
  `email` varchar(100) COLLATE utf8_unicode_ci NOT NULL COMMENT '用户邮箱',
  `password` varchar(200) COLLATE utf8_unicode_ci NOT NULL COMMENT '用户密码',
  `phone` varchar(20) COLLATE utf8_unicode_ci NOT NULL COMMENT '用户手机号码',
  `address` varchar(200) COLLATE utf8_unicode_ci DEFAULT NULL COMMENT '用户地址',
  `credit` int(11) DEFAULT '0' COMMENT '用户积分',
  `register_time` varchar(22) COLLATE utf8_unicode_ci DEFAULT NULL COMMENT '用户注册时间',
  PRIMARY KEY (`_id`)
) ENGINE=InnoDB AUTO_INCREMENT=104 DEFAULT CHARSET=utf8 COLLATE=utf8_unicode_ci;

/*Data for the table `user` */

insert  into `user`(`_id`,`name`,`email`,`password`,`phone`,`address`,`credit`,`register_time`) values (1,'lmnop','746990@qq.com','4297f44b13955235245b2497399d7a93','13800138000','zhncb',0,NULL),(2,'23456','334514@qq.com','4297f44b13955235245b2497399d7a93','13800138000','zhncb',0,NULL),(3,'PQRST','538687@qq.com','4297f44b13955235245b2497399d7a93','13800138000','zhncb',0,NULL),(4,'cdefg','746878@qq.com','4297f44b13955235245b2497399d7a93','13800138000','zhncb',0,NULL),(5,'DEFGH','464071@qq.com','4297f44b13955235245b2497399d7a93','13800138000','zhncb',0,NULL),(6,'UVWXY','840449@qq.com','4297f44b13955235245b2497399d7a93','13800138000','zhncb',0,NULL),(7,'hijkl','703330@qq.com','4297f44b13955235245b2497399d7a93','13800138000','zhncb',0,NULL),(8,'vwxyz','792001@qq.com','4297f44b13955235245b2497399d7a93','13800138000','zhncb',0,NULL),(9,'WXYZ0','530820@qq.com','4297f44b13955235245b2497399d7a93','13800138000','zhncb',0,NULL),(10,'fghij','707623@qq.com','4297f44b13955235245b2497399d7a93','13800138000','zhncb',0,NULL),(11,'MNOPQ','166399@qq.com','4297f44b13955235245b2497399d7a93','13800138000','zhncb',0,NULL),(12,'FGHIJ','802285@qq.com','4297f44b13955235245b2497399d7a93','13800138000','zhncb',0,NULL),(13,'fghij','112912@qq.com','4297f44b13955235245b2497399d7a93','13800138000','zhncb',0,NULL),(14,'wxyzA','21079@qq.com','4297f44b13955235245b2497399d7a93','13800138000','zhncb',0,NULL),(15,'hijkl','113354@qq.com','3d186804534370c3c817db0563f0e461','13800138000','zhncb',6,NULL),(16,'CDEFG','323782@qq.com','4297f44b13955235245b2497399d7a93','13800138000','zhncb',0,NULL),(17,'UVWXY','498803@qq.com','4297f44b13955235245b2497399d7a93','13800138000','zhncb',0,NULL),(18,'JKLMN','594783@qq.com','4297f44b13955235245b2497399d7a93','13800138000','zhncb',0,NULL),(19,'cdefg','684080@qq.com','4297f44b13955235245b2497399d7a93','13800138000','zhncb',0,NULL),(20,'tuvwx','555342@qq.com','4297f44b13955235245b2497399d7a93','13800138000','zhncb',0,NULL),(21,'ijklm','177323@qq.com','4297f44b13955235245b2497399d7a93','13800138000','zhncb',0,NULL),(22,'wxyzA','276408@qq.com','4297f44b13955235245b2497399d7a93','13800138000','zhncb',0,NULL),(23,'VWXYZ','770995@qq.com','4297f44b13955235245b2497399d7a93','13800138000','zhncb',0,NULL),(24,'efghi','747507@qq.com','4297f44b13955235245b2497399d7a93','13800138000','zhncb',0,NULL),(25,'qrstu','150770@qq.com','4297f44b13955235245b2497399d7a93','13800138000','zhncb',0,NULL),(26,'zABCD','986965@qq.com','4297f44b13955235245b2497399d7a93','13800138000','zhncb',0,NULL),(28,'RSTUV','386334@qq.com','4297f44b13955235245b2497399d7a93','13800138000','zhncb',0,NULL),(29,'hijkl','191354@qq.com','4297f44b13955235245b2497399d7a93','13800138000','zhncb',0,NULL),(30,'wxyzA','243004@qq.com','4297f44b13955235245b2497399d7a93','13800138000','zhncb',0,NULL),(31,'qrstu','901990@qq.com','4297f44b13955235245b2497399d7a93','13800138000','zhncb',0,NULL),(32,'EFGHI','145051@qq.com','4297f44b13955235245b2497399d7a93','13800138000','zhncb',0,NULL),(33,'wxyzA','205082@qq.com','4297f44b13955235245b2497399d7a93','13800138000','zhncb',0,NULL),(34,'OPQRS','428283@qq.com','4297f44b13955235245b2497399d7a93','13800138000','zhncb',0,NULL),(35,'WXYZ0','71495@qq.com','4297f44b13955235245b2497399d7a93','13800138000','zhncb',0,NULL),(36,'12345','27314@qq.com','4297f44b13955235245b2497399d7a93','13800138000','zhncb',0,NULL),(37,'nopqr','369416@qq.com','4297f44b13955235245b2497399d7a93','13800138000','zhncb',0,NULL),(38,'qrstu','109471@qq.com','4297f44b13955235245b2497399d7a93','13800138000','zhncb',0,NULL),(39,'ijklm','352131@qq.com','4297f44b13955235245b2497399d7a93','13800138000','zhncb',0,NULL),(40,'UVWXY','432227@qq.com','4297f44b13955235245b2497399d7a93','13800138000','zhncb',0,NULL),(41,'BCDEF','302109@qq.com','4297f44b13955235245b2497399d7a93','13800138000','zhncb',0,NULL),(42,'xyzAB','790069@qq.com','4297f44b13955235245b2497399d7a93','13800138000','zhncb',0,NULL),(43,'rstuv','208444@qq.com','4297f44b13955235245b2497399d7a93','13800138000','zhncb',0,NULL),(44,'klmno','423153@qq.com','4297f44b13955235245b2497399d7a93','13800138000','zhncb',0,NULL),(45,'vwxyz','563815@qq.com','4297f44b13955235245b2497399d7a93','13800138000','zhncb',0,NULL),(46,'KLMNO','674503@qq.com','4297f44b13955235245b2497399d7a93','13800138000','zhncb',0,NULL),(47,'zABCD','212943@qq.com','4297f44b13955235245b2497399d7a93','13800138000','zhncb',0,NULL),(48,'STUVW','856599@qq.com','4297f44b13955235245b2497399d7a93','13800138000','zhncb',0,NULL),(49,'wxyzA','539388@qq.com','4297f44b13955235245b2497399d7a93','13800138000','zhncb',0,NULL),(50,'pqrst','287186@qq.com','4297f44b13955235245b2497399d7a93','13800138000','zhncb',0,NULL),(51,'HIJKL','258508@qq.com','4297f44b13955235245b2497399d7a93','13800138000','zhncb',0,NULL),(52,'rstuv','829700@qq.com','4297f44b13955235245b2497399d7a93','13800138000','zhncb',0,NULL),(53,'IJKLM','588221@qq.com','4297f44b13955235245b2497399d7a93','13800138000','zhncb',0,NULL),(54,'Z0123','748335@qq.com','4297f44b13955235245b2497399d7a93','13800138000','zhncb',0,NULL),(55,'Z0123','776150@qq.com','4297f44b13955235245b2497399d7a93','13800138000','zhncb',0,NULL),(56,'klmno','423252@qq.com','4297f44b13955235245b2497399d7a93','13800138000','zhncb',0,NULL),(57,'efghi','589754@qq.com','4297f44b13955235245b2497399d7a93','13800138000','zhncb',0,NULL),(58,'mnopq','379434@qq.com','4297f44b13955235245b2497399d7a93','13800138000','zhncb',0,NULL),(59,'RSTUV','379724@qq.com','4297f44b13955235245b2497399d7a93','13800138000','zhncb',0,NULL),(60,'RSTUV','177995@qq.com','4297f44b13955235245b2497399d7a93','13800138000','zhncb',0,NULL),(61,'Z0123','448744@qq.com','4297f44b13955235245b2497399d7a93','13800138000','zhncb',0,NULL),(62,'UVWXY','399345@qq.com','4297f44b13955235245b2497399d7a93','13800138000','zhncb',0,NULL),(63,'KLMNO','652052@qq.com','4297f44b13955235245b2497399d7a93','13800138000','zhncb',0,NULL),(64,'opqrs','59712@qq.com','4297f44b13955235245b2497399d7a93','13800138000','zhncb',0,NULL),(65,'klmno','530827@qq.com','4297f44b13955235245b2497399d7a93','13800138000','zhncb',0,NULL),(66,'stuvw','782323@qq.com','4297f44b13955235245b2497399d7a93','13800138000','zhncb',0,NULL),(67,'QRSTU','631397@qq.com','4297f44b13955235245b2497399d7a93','13800138000','zhncb',0,NULL),(68,'HIJKL','397258@qq.com','4297f44b13955235245b2497399d7a93','13800138000','zhncb',0,NULL),(69,'mnopq','541195@qq.com','4297f44b13955235245b2497399d7a93','13800138000','zhncb',0,NULL),(70,'ijklm','149970@qq.com','4297f44b13955235245b2497399d7a93','13800138000','zhncb',0,NULL),(71,'rstuv','316155@qq.com','4297f44b13955235245b2497399d7a93','13800138000','zhncb',0,NULL),(72,'FGHIJ','385604@qq.com','4297f44b13955235245b2497399d7a93','13800138000','zhncb',0,NULL),(73,'XYZ01','766542@qq.com','4297f44b13955235245b2497399d7a93','13800138000','zhncb',0,NULL),(74,'PQRST','684107@qq.com','4297f44b13955235245b2497399d7a93','13800138000','zhncb',0,NULL),(75,'ijklm','547624@qq.com','4297f44b13955235245b2497399d7a93','13800138000','zhncb',0,NULL),(76,'UVWXY','79806@qq.com','4297f44b13955235245b2497399d7a93','13800138000','zhncb',0,NULL),(77,'23456','694600@qq.com','4297f44b13955235245b2497399d7a93','13800138000','zhncb',0,NULL),(78,'ABCDE','638055@qq.com','4297f44b13955235245b2497399d7a93','13800138000','zhncb',0,NULL),(79,'tuvwx','715094@qq.com','4297f44b13955235245b2497399d7a93','13800138000','zhncb',0,NULL),(80,'LMNOP','528092@qq.com','4297f44b13955235245b2497399d7a93','13800138000','zhncb',0,NULL),(81,'nopqr','24664@qq.com','4297f44b13955235245b2497399d7a93','13800138000','zhncb',0,NULL),(82,'rstuv','25256@qq.com','4297f44b13955235245b2497399d7a93','13800138000','zhncb',0,NULL),(83,'JKLMN','912438@qq.com','4297f44b13955235245b2497399d7a93','13800138000','zhncb',0,NULL),(84,'wxyzA','855678@qq.com','4297f44b13955235245b2497399d7a93','13800138000','zhncb',0,NULL),(85,'zABCD','548107@qq.com','4297f44b13955235245b2497399d7a93','13800138000','zhncb',0,NULL),(86,'23456','760978@qq.com','4297f44b13955235245b2497399d7a93','13800138000','zhncb',0,NULL),(87,'VWXYZ','558869@qq.com','4297f44b13955235245b2497399d7a93','13800138000','zhncb',0,NULL),(88,'ijklm','750171@qq.com','4297f44b13955235245b2497399d7a93','13800138000','zhncb',0,NULL),(89,'stuvw','891620@qq.com','4297f44b13955235245b2497399d7a93','13800138000','zhncb',0,NULL),(90,'yzABC','461678@qq.com','4297f44b13955235245b2497399d7a93','13800138000','zhncb',0,NULL),(91,'yzABC','286380@qq.com','4297f44b13955235245b2497399d7a93','13800138000','zhncb',0,NULL),(92,'DEFGH','425613@qq.com','4297f44b13955235245b2497399d7a93','13800138000','zhncb',0,NULL),(93,'12345','990633@qq.com','4297f44b13955235245b2497399d7a93','13800138000','zhncb',0,NULL),(94,'defgh','317632@qq.com','4297f44b13955235245b2497399d7a93','13800138000','zhncb',0,NULL),(95,'MNOPQ','741434@qq.com','4297f44b13955235245b2497399d7a93','13800138000','zhncb',0,NULL),(96,'UVWXY','941649@qq.com','4297f44b13955235245b2497399d7a93','13800138000','zhncb',0,NULL),(97,'PQRST','146140@qq.com','4297f44b13955235245b2497399d7a93','13800138000','zhncb',0,NULL),(98,'01234','402158@qq.com','4297f44b13955235245b2497399d7a93','13800138000','zhncb',0,NULL),(99,'defgh','369419@qq.com','4297f44b13955235245b2497399d7a93','13800138000','zhncb',0,NULL),(100,'opqrs','502212@qq.com','4297f44b13955235245b2497399d7a93','13800138000','zhncb',0,NULL),(101,'123','123@qq.qq','f5bb0c8de146c67b44babbf4e6584cc0','123','123',10,'2014-04-29 19:55:24'),(102,'ling','ling@ling.com','f6d19652c8f635eb88a5c93c8ec52cd7','',NULL,0,NULL),(103,'ling','ling@ling.com2','4297f44b13955235245b2497399d7a93','123123123','湛江师范学院',0,'2014-05-02 20:38:16');

/*!40101 SET SQL_MODE=@OLD_SQL_MODE */;
/*!40014 SET FOREIGN_KEY_CHECKS=@OLD_FOREIGN_KEY_CHECKS */;
/*!40014 SET UNIQUE_CHECKS=@OLD_UNIQUE_CHECKS */;
/*!40111 SET SQL_NOTES=@OLD_SQL_NOTES */;
